[
    {
        "id": "c-us",
        "name": "United States",
        "nameAlt": "USA",
        "nameBg": "Съединени щати",
        "nameIt": "Stati Uniti",
        "type": "country",
        "countryCode": "US",
        "lat": 39.8283,
        "lng": -98.5795,
        "population": 331002651,
        "zoom": 4
    },
    {
        "id": "c-cn",
        "name": "China",
        "nameAlt": "中国",
        "type": "country",
        "countryCode": "CN",
        "lat": 35.8617,
        "lng": 104.1954,
        "population": 1439323776,
        "zoom": 4
    },
    {
        "id": "c-in",
        "name": "India",
        "nameAlt": "भारत",
        "type": "country",
        "countryCode": "IN",
        "lat": 20.5937,
        "lng": 78.9629,
        "population": 1380004385,
        "zoom": 4
    },
    {
        "id": "c-br",
        "name": "Brazil",
        "nameAlt": "Brasil",
        "type": "country",
        "countryCode": "BR",
        "lat": -14.235,
        "lng": -51.9253,
        "population": 212559417,
        "zoom": 4
    },
    {
        "id": "c-ru",
        "name": "Russia",
        "nameAlt": "Россия",
        "nameBg": "Русия",
        "nameIt": "Russia",
        "type": "country",
        "countryCode": "RU",
        "lat": 61.524,
        "lng": 105.3188,
        "population": 145934462,
        "zoom": 3
    },
    {
        "id": "c-jp",
        "name": "Japan",
        "nameAlt": "日本",
        "type": "country",
        "countryCode": "JP",
        "lat": 36.2048,
        "lng": 138.2529,
        "population": 126476461,
        "zoom": 5
    },
    {
        "id": "c-de",
        "name": "Germany",
        "nameAlt": "Deutschland",
        "nameBg": "Германия",
        "nameIt": "Germania",
        "type": "country",
        "countryCode": "DE",
        "lat": 51.1657,
        "lng": 10.4515,
        "population": 83783942,
        "zoom": 5
    },
    {
        "id": "c-gb",
        "name": "United Kingdom",
        "nameAlt": "UK",
        "type": "country",
        "countryCode": "GB",
        "lat": 55.3781,
        "lng": -3.436,
        "population": 67886011,
        "zoom": 5
    },
    {
        "id": "c-fr",
        "name": "France",
        "nameBg": "Франция",
        "nameIt": "Francia",
        "type": "country",
        "countryCode": "FR",
        "lat": 46.2276,
        "lng": 2.2137,
        "population": 65273511,
        "zoom": 5
    },
    {
        "id": "c-it",
        "name": "Italy",
        "nameAlt": "Italia",
        "nameBg": "Италия",
        "type": "country",
        "countryCode": "IT",
        "lat": 41.8719,
        "lng": 12.5674,
        "population": 60461826,
        "zoom": 5
    },
    {
        "id": "c-mx",
        "name": "Mexico",
        "nameAlt": "México",
        "type": "country",
        "countryCode": "MX",
        "lat": 23.6345,
        "lng": -102.5528,
        "population": 128932753,
        "zoom": 5
    },
    {
        "id": "c-es",
        "name": "Spain",
        "nameAlt": "España",
        "type": "country",
        "countryCode": "ES",
        "lat": 40.4637,
        "lng": -3.7492,
        "population": 46754778,
        "zoom": 5
    },
    {
        "id": "c-ca",
        "name": "Canada",
        "type": "country",
        "countryCode": "CA",
        "lat": 56.1304,
        "lng": -106.3468,
        "population": 37742154,
        "zoom": 4
    },
    {
        "id": "c-au",
        "name": "Australia",
        "type": "country",
        "countryCode": "AU",
        "lat": -25.2744,
        "lng": 133.7751,
        "population": 25499884,
        "zoom": 4
    },
    {
        "id": "c-kr",
        "name": "South Korea",
        "nameAlt": "대한민국",
        "type": "country",
        "countryCode": "KR",
        "lat": 35.9078,
        "lng": 127.7669,
        "population": 51269185,
        "zoom": 6
    },
    {
        "id": "c-ar",
        "name": "Argentina",
        "type": "country",
        "countryCode": "AR",
        "lat": -38.4161,
        "lng": -63.6167,
        "population": 45195774,
        "zoom": 4
    },
    {
        "id": "c-za",
        "name": "South Africa",
        "type": "country",
        "countryCode": "ZA",
        "lat": -30.5595,
        "lng": 22.9375,
        "population": 59308690,
        "zoom": 5
    },
    {
        "id": "c-eg",
        "name": "Egypt",
        "nameAlt": "مصر",
        "type": "country",
        "countryCode": "EG",
        "lat": 26.8206,
        "lng": 30.8025,
        "population": 102334404,
        "zoom": 5
    },
    {
        "id": "c-tr",
        "name": "Turkey",
        "nameAlt": "Türkiye",
        "type": "country",
        "countryCode": "TR",
        "lat": 38.9637,
        "lng": 35.2433,
        "population": 84339067,
        "zoom": 5
    },
    {
        "id": "c-sa",
        "name": "Saudi Arabia",
        "nameAlt": "السعودية",
        "type": "country",
        "countryCode": "SA",
        "lat": 23.8859,
        "lng": 45.0792,
        "population": 34813871,
        "zoom": 5
    },
    {
        "id": "c-pl",
        "name": "Poland",
        "nameAlt": "Polska",
        "type": "country",
        "countryCode": "PL",
        "lat": 51.9194,
        "lng": 19.1451,
        "population": 37846611,
        "zoom": 5
    },
    {
        "id": "c-ua",
        "name": "Ukraine",
        "nameAlt": "Україна",
        "type": "country",
        "countryCode": "UA",
        "lat": 48.3794,
        "lng": 31.1656,
        "population": 43733762,
        "zoom": 5
    },
    {
        "id": "c-nl",
        "name": "Netherlands",
        "nameAlt": "Nederland",
        "type": "country",
        "countryCode": "NL",
        "lat": 52.1326,
        "lng": 5.2913,
        "population": 17134872,
        "zoom": 7
    },
    {
        "id": "c-be",
        "name": "Belgium",
        "nameAlt": "België",
        "type": "country",
        "countryCode": "BE",
        "lat": 50.5039,
        "lng": 4.4699,
        "population": 11589623,
        "zoom": 7
    },
    {
        "id": "c-se",
        "name": "Sweden",
        "nameAlt": "Sverige",
        "type": "country",
        "countryCode": "SE",
        "lat": 60.1282,
        "lng": 18.6435,
        "population": 10099265,
        "zoom": 5
    },
    {
        "id": "c-ch",
        "name": "Switzerland",
        "nameAlt": "Schweiz",
        "type": "country",
        "countryCode": "CH",
        "lat": 46.8182,
        "lng": 8.2275,
        "population": 8654622,
        "zoom": 7
    },
    {
        "id": "c-at",
        "name": "Austria",
        "nameAlt": "Österreich",
        "type": "country",
        "countryCode": "AT",
        "lat": 47.5162,
        "lng": 14.5501,
        "population": 9006398,
        "zoom": 6
    },
    {
        "id": "c-pt",
        "name": "Portugal",
        "type": "country",
        "countryCode": "PT",
        "lat": 39.3999,
        "lng": -8.2245,
        "population": 10196709,
        "zoom": 6
    },
    {
        "id": "c-gr",
        "name": "Greece",
        "nameAlt": "Ελλάδα",
        "type": "country",
        "countryCode": "GR",
        "lat": 39.0742,
        "lng": 21.8243,
        "population": 10423054,
        "zoom": 6
    },
    {
        "id": "c-cz",
        "name": "Czech Republic",
        "nameAlt": "Česko",
        "type": "country",
        "countryCode": "CZ",
        "lat": 49.8175,
        "lng": 15.473,
        "population": 10708981,
        "zoom": 6
    },
    {
        "id": "c-ro",
        "name": "Romania",
        "nameAlt": "România",
        "type": "country",
        "countryCode": "RO",
        "lat": 45.9432,
        "lng": 24.9668,
        "population": 19237691,
        "zoom": 6
    },
    {
        "id": "c-bg",
        "name": "Bulgaria",
        "nameAlt": "България",
        "nameIt": "Bulgaria",
        "type": "country",
        "countryCode": "BG",
        "lat": 42.7339,
        "lng": 25.4858,
        "population": 6948445,
        "zoom": 6
    },
    {
        "id": "c-hu",
        "name": "Hungary",
        "nameAlt": "Magyarország",
        "type": "country",
        "countryCode": "HU",
        "lat": 47.1625,
        "lng": 19.5033,
        "population": 9660351,
        "zoom": 6
    },
    {
        "id": "c-no",
        "name": "Norway",
        "nameAlt": "Norge",
        "type": "country",
        "countryCode": "NO",
        "lat": 60.472,
        "lng": 8.4689,
        "population": 5421241,
        "zoom": 5
    },
    {
        "id": "c-dk",
        "name": "Denmark",
        "nameAlt": "Danmark",
        "type": "country",
        "countryCode": "DK",
        "lat": 56.2639,
        "lng": 9.5018,
        "population": 5792202,
        "zoom": 6
    },
    {
        "id": "c-fi",
        "name": "Finland",
        "nameAlt": "Suomi",
        "type": "country",
        "countryCode": "FI",
        "lat": 61.9241,
        "lng": 25.7482,
        "population": 5540720,
        "zoom": 5
    },
    {
        "id": "c-ie",
        "name": "Ireland",
        "nameAlt": "Éire",
        "type": "country",
        "countryCode": "IE",
        "lat": 53.1424,
        "lng": -7.6921,
        "population": 4937786,
        "zoom": 6
    },
    {
        "id": "c-nz",
        "name": "New Zealand",
        "type": "country",
        "countryCode": "NZ",
        "lat": -40.9006,
        "lng": 174.886,
        "population": 4822233,
        "zoom": 5
    },
    {
        "id": "c-sg",
        "name": "Singapore",
        "type": "country",
        "countryCode": "SG",
        "lat": 1.3521,
        "lng": 103.8198,
        "population": 5850342,
        "zoom": 11
    },
    {
        "id": "c-th",
        "name": "Thailand",
        "nameAlt": "ประเทศไทย",
        "type": "country",
        "countryCode": "TH",
        "lat": 15.87,
        "lng": 100.9925,
        "population": 69799978,
        "zoom": 5
    },
    {
        "id": "c-id",
        "name": "Indonesia",
        "type": "country",
        "countryCode": "ID",
        "lat": -0.7893,
        "lng": 113.9213,
        "population": 273523615,
        "zoom": 4
    },
    {
        "id": "c-my",
        "name": "Malaysia",
        "type": "country",
        "countryCode": "MY",
        "lat": 4.2105,
        "lng": 101.9758,
        "population": 32365999,
        "zoom": 5
    },
    {
        "id": "c-ph",
        "name": "Philippines",
        "nameAlt": "Pilipinas",
        "type": "country",
        "countryCode": "PH",
        "lat": 12.8797,
        "lng": 121.774,
        "population": 109581078,
        "zoom": 5
    },
    {
        "id": "c-vn",
        "name": "Vietnam",
        "nameAlt": "Việt Nam",
        "type": "country",
        "countryCode": "VN",
        "lat": 14.0583,
        "lng": 108.2772,
        "population": 97338579,
        "zoom": 5
    },
    {
        "id": "c-pk",
        "name": "Pakistan",
        "nameAlt": "پاکستان",
        "type": "country",
        "countryCode": "PK",
        "lat": 30.3753,
        "lng": 69.3451,
        "population": 220892340,
        "zoom": 5
    },
    {
        "id": "c-bd",
        "name": "Bangladesh",
        "nameAlt": "বাংলাদেশ",
        "type": "country",
        "countryCode": "BD",
        "lat": 23.685,
        "lng": 90.3563,
        "population": 164689383,
        "zoom": 6
    },
    {
        "id": "c-ng",
        "name": "Nigeria",
        "type": "country",
        "countryCode": "NG",
        "lat": 9.082,
        "lng": 8.6753,
        "population": 206139589,
        "zoom": 5
    },
    {
        "id": "c-ke",
        "name": "Kenya",
        "type": "country",
        "countryCode": "KE",
        "lat": -0.0236,
        "lng": 37.9062,
        "population": 53771296,
        "zoom": 5
    },
    {
        "id": "c-co",
        "name": "Colombia",
        "type": "country",
        "countryCode": "CO",
        "lat": 4.5709,
        "lng": -74.2973,
        "population": 50882891,
        "zoom": 5
    },
    {
        "id": "c-pe",
        "name": "Peru",
        "nameAlt": "Perú",
        "type": "country",
        "countryCode": "PE",
        "lat": -9.19,
        "lng": -75.0152,
        "population": 32971854,
        "zoom": 5
    },
    {
        "id": "cap-us",
        "name": "Washington D.C.",
        "type": "capital",
        "country": "United States",
        "countryCode": "US",
        "lat": 38.9072,
        "lng": -77.0369,
        "population": 692683,
        "zoom": 11
    },
    {
        "id": "cap-cn",
        "name": "Beijing",
        "nameAlt": "北京",
        "type": "capital",
        "country": "China",
        "countryCode": "CN",
        "lat": 39.9042,
        "lng": 116.4074,
        "population": 21540000,
        "zoom": 10
    },
    {
        "id": "cap-in",
        "name": "New Delhi",
        "nameAlt": "नई दिल्ली",
        "type": "capital",
        "country": "India",
        "countryCode": "IN",
        "lat": 28.6139,
        "lng": 77.209,
        "population": 32941000,
        "zoom": 10
    },
    {
        "id": "cap-br",
        "name": "Brasília",
        "type": "capital",
        "country": "Brazil",
        "countryCode": "BR",
        "lat": -15.7975,
        "lng": -47.8919,
        "population": 3055149,
        "zoom": 11
    },
    {
        "id": "cap-ru",
        "name": "Moscow",
        "nameAlt": "Москва",
        "type": "capital",
        "country": "Russia",
        "countryCode": "RU",
        "lat": 55.7558,
        "lng": 37.6173,
        "population": 12506468,
        "zoom": 10
    },
    {
        "id": "cap-jp",
        "name": "Tokyo",
        "nameAlt": "東京",
        "type": "capital",
        "country": "Japan",
        "countryCode": "JP",
        "lat": 35.6762,
        "lng": 139.6503,
        "population": 13960000,
        "zoom": 10
    },
    {
        "id": "cap-de",
        "name": "Berlin",
        "type": "capital",
        "country": "Germany",
        "countryCode": "DE",
        "lat": 52.52,
        "lng": 13.405,
        "population": 3748148,
        "zoom": 11
    },
    {
        "id": "cap-gb",
        "name": "London",
        "type": "capital",
        "country": "United Kingdom",
        "countryCode": "GB",
        "lat": 51.5074,
        "lng": -0.1278,
        "population": 8982000,
        "zoom": 10
    },
    {
        "id": "cap-fr",
        "name": "Paris",
        "type": "capital",
        "country": "France",
        "countryCode": "FR",
        "lat": 48.8566,
        "lng": 2.3522,
        "population": 2161000,
        "zoom": 11
    },
    {
        "id": "cap-it",
        "name": "Rome",
        "nameAlt": "Roma",
        "type": "capital",
        "country": "Italy",
        "countryCode": "IT",
        "lat": 41.9028,
        "lng": 12.4964,
        "population": 2873000,
        "zoom": 11
    },
    {
        "id": "cap-mx",
        "name": "Mexico City",
        "nameAlt": "Ciudad de México",
        "type": "capital",
        "country": "Mexico",
        "countryCode": "MX",
        "lat": 19.4326,
        "lng": -99.1332,
        "population": 21804000,
        "zoom": 10
    },
    {
        "id": "cap-es",
        "name": "Madrid",
        "type": "capital",
        "country": "Spain",
        "countryCode": "ES",
        "lat": 40.4168,
        "lng": -3.7038,
        "population": 3223000,
        "zoom": 11
    },
    {
        "id": "cap-ca",
        "name": "Ottawa",
        "type": "capital",
        "country": "Canada",
        "countryCode": "CA",
        "lat": 45.4215,
        "lng": -75.6972,
        "population": 1017449,
        "zoom": 11
    },
    {
        "id": "cap-au",
        "name": "Canberra",
        "type": "capital",
        "country": "Australia",
        "countryCode": "AU",
        "lat": -35.2809,
        "lng": 149.13,
        "population": 453558,
        "zoom": 11
    },
    {
        "id": "cap-kr",
        "name": "Seoul",
        "nameAlt": "서울",
        "type": "capital",
        "country": "South Korea",
        "countryCode": "KR",
        "lat": 37.5665,
        "lng": 126.978,
        "population": 9776000,
        "zoom": 10
    },
    {
        "id": "cap-ar",
        "name": "Buenos Aires",
        "type": "capital",
        "country": "Argentina",
        "countryCode": "AR",
        "lat": -34.6037,
        "lng": -58.3816,
        "population": 15153729,
        "zoom": 10
    },
    {
        "id": "cap-za",
        "name": "Pretoria",
        "type": "capital",
        "country": "South Africa",
        "countryCode": "ZA",
        "lat": -25.7479,
        "lng": 28.2293,
        "population": 2565000,
        "zoom": 11
    },
    {
        "id": "cap-eg",
        "name": "Cairo",
        "nameAlt": "القاهرة",
        "type": "capital",
        "country": "Egypt",
        "countryCode": "EG",
        "lat": 30.0444,
        "lng": 31.2357,
        "population": 20901000,
        "zoom": 10
    },
    {
        "id": "cap-tr",
        "name": "Ankara",
        "type": "capital",
        "country": "Turkey",
        "countryCode": "TR",
        "lat": 39.9334,
        "lng": 32.8597,
        "population": 5747000,
        "zoom": 10
    },
    {
        "id": "cap-sa",
        "name": "Riyadh",
        "nameAlt": "الرياض",
        "type": "capital",
        "country": "Saudi Arabia",
        "countryCode": "SA",
        "lat": 24.7136,
        "lng": 46.6753,
        "population": 7676654,
        "zoom": 10
    },
    {
        "id": "cap-pl",
        "name": "Warsaw",
        "nameAlt": "Warszawa",
        "type": "capital",
        "country": "Poland",
        "countryCode": "PL",
        "lat": 52.2297,
        "lng": 21.0122,
        "population": 1790658,
        "zoom": 11
    },
    {
        "id": "cap-ua",
        "name": "Kyiv",
        "nameAlt": "Київ",
        "type": "capital",
        "country": "Ukraine",
        "countryCode": "UA",
        "lat": 50.4501,
        "lng": 30.5234,
        "population": 2967360,
        "zoom": 10
    },
    {
        "id": "cap-nl",
        "name": "Amsterdam",
        "type": "capital",
        "country": "Netherlands",
        "countryCode": "NL",
        "lat": 52.3676,
        "lng": 4.9041,
        "population": 872680,
        "zoom": 11
    },
    {
        "id": "cap-be",
        "name": "Brussels",
        "nameAlt": "Bruxelles",
        "type": "capital",
        "country": "Belgium",
        "countryCode": "BE",
        "lat": 50.8503,
        "lng": 4.3517,
        "population": 1198726,
        "zoom": 11
    },
    {
        "id": "cap-se",
        "name": "Stockholm",
        "type": "capital",
        "country": "Sweden",
        "countryCode": "SE",
        "lat": 59.3293,
        "lng": 18.0686,
        "population": 975904,
        "zoom": 11
    },
    {
        "id": "cap-ch",
        "name": "Bern",
        "type": "capital",
        "country": "Switzerland",
        "countryCode": "CH",
        "lat": 46.948,
        "lng": 7.4474,
        "population": 133883,
        "zoom": 12
    },
    {
        "id": "cap-at",
        "name": "Vienna",
        "nameAlt": "Wien",
        "type": "capital",
        "country": "Austria",
        "countryCode": "AT",
        "lat": 48.2082,
        "lng": 16.3738,
        "population": 1911728,
        "zoom": 11
    },
    {
        "id": "cap-pt",
        "name": "Lisbon",
        "nameAlt": "Lisboa",
        "type": "capital",
        "country": "Portugal",
        "countryCode": "PT",
        "lat": 38.7223,
        "lng": -9.1393,
        "population": 544851,
        "zoom": 11
    },
    {
        "id": "cap-gr",
        "name": "Athens",
        "nameAlt": "Αθήνα",
        "type": "capital",
        "country": "Greece",
        "countryCode": "GR",
        "lat": 37.9838,
        "lng": 23.7275,
        "population": 3153255,
        "zoom": 11
    },
    {
        "id": "cap-cz",
        "name": "Prague",
        "nameAlt": "Praha",
        "type": "capital",
        "country": "Czech Republic",
        "countryCode": "CZ",
        "lat": 50.0755,
        "lng": 14.4378,
        "population": 1309000,
        "zoom": 11
    },
    {
        "id": "cap-ro",
        "name": "Bucharest",
        "nameAlt": "București",
        "type": "capital",
        "country": "Romania",
        "countryCode": "RO",
        "lat": 44.4268,
        "lng": 26.1025,
        "population": 1883425,
        "zoom": 11
    },
    {
        "id": "cap-bg",
        "name": "Sofia",
        "nameAlt": "София",
        "type": "capital",
        "country": "Bulgaria",
        "countryCode": "BG",
        "lat": 42.6977,
        "lng": 23.3219,
        "population": 1291591,
        "zoom": 11
    },
    {
        "id": "cap-hu",
        "name": "Budapest",
        "type": "capital",
        "country": "Hungary",
        "countryCode": "HU",
        "lat": 47.4979,
        "lng": 19.0402,
        "population": 1752286,
        "zoom": 11
    },
    {
        "id": "cap-no",
        "name": "Oslo",
        "type": "capital",
        "country": "Norway",
        "countryCode": "NO",
        "lat": 59.9139,
        "lng": 10.7522,
        "population": 697549,
        "zoom": 11
    },
    {
        "id": "cap-dk",
        "name": "Copenhagen",
        "nameAlt": "København",
        "type": "capital",
        "country": "Denmark",
        "countryCode": "DK",
        "lat": 55.6761,
        "lng": 12.5683,
        "population": 799033,
        "zoom": 11
    },
    {
        "id": "cap-fi",
        "name": "Helsinki",
        "type": "capital",
        "country": "Finland",
        "countryCode": "FI",
        "lat": 60.1699,
        "lng": 24.9384,
        "population": 656229,
        "zoom": 11
    },
    {
        "id": "cap-ie",
        "name": "Dublin",
        "nameAlt": "Baile Átha Cliath",
        "type": "capital",
        "country": "Ireland",
        "countryCode": "IE",
        "lat": 53.3498,
        "lng": -6.2603,
        "population": 544107,
        "zoom": 11
    },
    {
        "id": "cap-nz",
        "name": "Wellington",
        "type": "capital",
        "country": "New Zealand",
        "countryCode": "NZ",
        "lat": -41.2866,
        "lng": 174.7756,
        "population": 215400,
        "zoom": 12
    },
    {
        "id": "cap-th",
        "name": "Bangkok",
        "nameAlt": "กรุงเทพ",
        "type": "capital",
        "country": "Thailand",
        "countryCode": "TH",
        "lat": 13.7563,
        "lng": 100.5018,
        "population": 10539415,
        "zoom": 10
    },
    {
        "id": "cap-id",
        "name": "Jakarta",
        "type": "capital",
        "country": "Indonesia",
        "countryCode": "ID",
        "lat": -6.2088,
        "lng": 106.8456,
        "population": 10562088,
        "zoom": 10
    },
    {
        "id": "cap-my",
        "name": "Kuala Lumpur",
        "type": "capital",
        "country": "Malaysia",
        "countryCode": "MY",
        "lat": 3.139,
        "lng": 101.6869,
        "population": 1808000,
        "zoom": 11
    },
    {
        "id": "cap-ph",
        "name": "Manila",
        "type": "capital",
        "country": "Philippines",
        "countryCode": "PH",
        "lat": 14.5995,
        "lng": 120.9842,
        "population": 1846513,
        "zoom": 11
    },
    {
        "id": "cap-vn",
        "name": "Hanoi",
        "nameAlt": "Hà Nội",
        "type": "capital",
        "country": "Vietnam",
        "countryCode": "VN",
        "lat": 21.0285,
        "lng": 105.8542,
        "population": 8053663,
        "zoom": 10
    },
    {
        "id": "cap-pk",
        "name": "Islamabad",
        "nameAlt": "اسلام آباد",
        "type": "capital",
        "country": "Pakistan",
        "countryCode": "PK",
        "lat": 33.6844,
        "lng": 73.0479,
        "population": 1164000,
        "zoom": 11
    },
    {
        "id": "cap-bd",
        "name": "Dhaka",
        "nameAlt": "ঢাকা",
        "type": "capital",
        "country": "Bangladesh",
        "countryCode": "BD",
        "lat": 23.8103,
        "lng": 90.4125,
        "population": 21741000,
        "zoom": 10
    },
    {
        "id": "cap-ng",
        "name": "Abuja",
        "type": "capital",
        "country": "Nigeria",
        "countryCode": "NG",
        "lat": 9.0765,
        "lng": 7.3986,
        "population": 3464123,
        "zoom": 11
    },
    {
        "id": "cap-ke",
        "name": "Nairobi",
        "type": "capital",
        "country": "Kenya",
        "countryCode": "KE",
        "lat": -1.2864,
        "lng": 36.8172,
        "population": 4397073,
        "zoom": 11
    },
    {
        "id": "cap-co",
        "name": "Bogotá",
        "type": "capital",
        "country": "Colombia",
        "countryCode": "CO",
        "lat": 4.711,
        "lng": -74.0721,
        "population": 10574000,
        "zoom": 10
    },
    {
        "id": "cap-pe",
        "name": "Lima",
        "type": "capital",
        "country": "Peru",
        "countryCode": "PE",
        "lat": -12.0464,
        "lng": -77.0428,
        "population": 10917000,
        "zoom": 10
    },
    {
        "id": "city-nyc",
        "name": "New York City",
        "nameAlt": "NYC",
        "type": "city",
        "country": "United States",
        "countryCode": "US",
        "lat": 40.7128,
        "lng": -74.006,
        "population": 8336817,
        "zoom": 10
    },
    {
        "id": "city-la",
        "name": "Los Angeles",
        "type": "city",
        "country": "United States",
        "countryCode": "US",
        "lat": 34.0522,
        "lng": -118.2437,
        "population": 3979576,
        "zoom": 10
    },
    {
        "id": "city-chi",
        "name": "Chicago",
        "type": "city",
        "country": "United States",
        "countryCode": "US",
        "lat": 41.8781,
        "lng": -87.6298,
        "population": 2693976,
        "zoom": 11
    },
    {
        "id": "city-hou",
        "name": "Houston",
        "type": "city",
        "country": "United States",
        "countryCode": "US",
        "lat": 29.7604,
        "lng": -95.3698,
        "population": 2320268,
        "zoom": 10
    },
    {
        "id": "city-mia",
        "name": "Miami",
        "type": "city",
        "country": "United States",
        "countryCode": "US",
        "lat": 25.7617,
        "lng": -80.1918,
        "population": 467963,
        "zoom": 11
    },
    {
        "id": "city-sf",
        "name": "San Francisco",
        "type": "city",
        "country": "United States",
        "countryCode": "US",
        "lat": 37.7749,
        "lng": -122.4194,
        "population": 873965,
        "zoom": 11
    },
    {
        "id": "city-lv",
        "name": "Las Vegas",
        "type": "city",
        "country": "United States",
        "countryCode": "US",
        "lat": 36.1699,
        "lng": -115.1398,
        "population": 651319,
        "zoom": 11
    },
    {
        "id": "city-sea",
        "name": "Seattle",
        "type": "city",
        "country": "United States",
        "countryCode": "US",
        "lat": 47.6062,
        "lng": -122.3321,
        "population": 737015,
        "zoom": 11
    },
    {
        "id": "city-bos",
        "name": "Boston",
        "type": "city",
        "country": "United States",
        "countryCode": "US",
        "lat": 42.3601,
        "lng": -71.0589,
        "population": 692600,
        "zoom": 11
    },
    {
        "id": "city-atl",
        "name": "Atlanta",
        "type": "city",
        "country": "United States",
        "countryCode": "US",
        "lat": 33.749,
        "lng": -84.388,
        "population": 498715,
        "zoom": 11
    },
    {
        "id": "city-sha",
        "name": "Shanghai",
        "nameAlt": "上海",
        "type": "city",
        "country": "China",
        "countryCode": "CN",
        "lat": 31.2304,
        "lng": 121.4737,
        "population": 27058479,
        "zoom": 10
    },
    {
        "id": "city-gz",
        "name": "Guangzhou",
        "nameAlt": "广州",
        "type": "city",
        "country": "China",
        "countryCode": "CN",
        "lat": 23.1291,
        "lng": 113.2644,
        "population": 18676605,
        "zoom": 10
    },
    {
        "id": "city-sz",
        "name": "Shenzhen",
        "nameAlt": "深圳",
        "type": "city",
        "country": "China",
        "countryCode": "CN",
        "lat": 22.5431,
        "lng": 114.0579,
        "population": 17560000,
        "zoom": 10
    },
    {
        "id": "city-hk",
        "name": "Hong Kong",
        "nameAlt": "香港",
        "type": "city",
        "country": "China",
        "countryCode": "HK",
        "lat": 22.3193,
        "lng": 114.1694,
        "population": 7496981,
        "zoom": 10
    },
    {
        "id": "city-mum",
        "name": "Mumbai",
        "nameAlt": "मुंबई",
        "type": "city",
        "country": "India",
        "countryCode": "IN",
        "lat": 19.076,
        "lng": 72.8777,
        "population": 20667656,
        "zoom": 10
    },
    {
        "id": "city-blr",
        "name": "Bangalore",
        "nameAlt": "Bengaluru",
        "type": "city",
        "country": "India",
        "countryCode": "IN",
        "lat": 12.9716,
        "lng": 77.5946,
        "population": 12765000,
        "zoom": 10
    },
    {
        "id": "city-kol",
        "name": "Kolkata",
        "nameAlt": "কলকাতা",
        "type": "city",
        "country": "India",
        "countryCode": "IN",
        "lat": 22.5726,
        "lng": 88.3639,
        "population": 14974073,
        "zoom": 10
    },
    {
        "id": "city-che",
        "name": "Chennai",
        "nameAlt": "சென்னை",
        "type": "city",
        "country": "India",
        "countryCode": "IN",
        "lat": 13.0827,
        "lng": 80.2707,
        "population": 11235000,
        "zoom": 10
    },
    {
        "id": "city-sp",
        "name": "São Paulo",
        "type": "city",
        "country": "Brazil",
        "countryCode": "BR",
        "lat": -23.5505,
        "lng": -46.6333,
        "population": 12325232,
        "zoom": 10
    },
    {
        "id": "city-rio",
        "name": "Rio de Janeiro",
        "type": "city",
        "country": "Brazil",
        "countryCode": "BR",
        "lat": -22.9068,
        "lng": -43.1729,
        "population": 6747815,
        "zoom": 10
    },
    {
        "id": "city-spb",
        "name": "Saint Petersburg",
        "nameAlt": "Санкт-Петербург",
        "type": "city",
        "country": "Russia",
        "countryCode": "RU",
        "lat": 59.9343,
        "lng": 30.3351,
        "population": 5384000,
        "zoom": 10
    },
    {
        "id": "city-osa",
        "name": "Osaka",
        "nameAlt": "大阪",
        "type": "city",
        "country": "Japan",
        "countryCode": "JP",
        "lat": 34.6937,
        "lng": 135.5022,
        "population": 2753862,
        "zoom": 11
    },
    {
        "id": "city-yok",
        "name": "Yokohama",
        "nameAlt": "横浜",
        "type": "city",
        "country": "Japan",
        "countryCode": "JP",
        "lat": 35.4437,
        "lng": 139.638,
        "population": 3749929,
        "zoom": 11
    },
    {
        "id": "city-muc",
        "name": "Munich",
        "nameAlt": "München",
        "type": "city",
        "country": "Germany",
        "countryCode": "DE",
        "lat": 48.1351,
        "lng": 11.582,
        "population": 1488202,
        "zoom": 11
    },
    {
        "id": "city-ham",
        "name": "Hamburg",
        "type": "city",
        "country": "Germany",
        "countryCode": "DE",
        "lat": 53.5511,
        "lng": 9.9937,
        "population": 1899160,
        "zoom": 11
    },
    {
        "id": "city-fra",
        "name": "Frankfurt",
        "type": "city",
        "country": "Germany",
        "countryCode": "DE",
        "lat": 50.1109,
        "lng": 8.6821,
        "population": 763380,
        "zoom": 11
    },
    {
        "id": "city-man",
        "name": "Manchester",
        "type": "city",
        "country": "United Kingdom",
        "countryCode": "GB",
        "lat": 53.4808,
        "lng": -2.2426,
        "population": 553230,
        "zoom": 11
    },
    {
        "id": "city-bir",
        "name": "Birmingham",
        "type": "city",
        "country": "United Kingdom",
        "countryCode": "GB",
        "lat": 52.4862,
        "lng": -1.8904,
        "population": 1149000,
        "zoom": 11
    },
    {
        "id": "city-edi",
        "name": "Edinburgh",
        "type": "city",
        "country": "United Kingdom",
        "countryCode": "GB",
        "lat": 55.9533,
        "lng": -3.1883,
        "population": 524930,
        "zoom": 11
    },
    {
        "id": "city-lyo",
        "name": "Lyon",
        "type": "city",
        "country": "France",
        "countryCode": "FR",
        "lat": 45.764,
        "lng": 4.8357,
        "population": 522969,
        "zoom": 11
    },
    {
        "id": "city-mrs",
        "name": "Marseille",
        "type": "city",
        "country": "France",
        "countryCode": "FR",
        "lat": 43.2965,
        "lng": 5.3698,
        "population": 870731,
        "zoom": 11
    },
    {
        "id": "city-mil",
        "name": "Milan",
        "nameAlt": "Milano",
        "type": "city",
        "country": "Italy",
        "countryCode": "IT",
        "lat": 45.4642,
        "lng": 9.19,
        "population": 1396059,
        "zoom": 11
    },
    {
        "id": "city-nap",
        "name": "Naples",
        "nameAlt": "Napoli",
        "type": "city",
        "country": "Italy",
        "countryCode": "IT",
        "lat": 40.8518,
        "lng": 14.2681,
        "population": 967069,
        "zoom": 11
    },
    {
        "id": "city-flr",
        "name": "Florence",
        "nameAlt": "Firenze",
        "type": "city",
        "country": "Italy",
        "countryCode": "IT",
        "lat": 43.7696,
        "lng": 11.2558,
        "population": 383084,
        "zoom": 12
    },
    {
        "id": "city-ven",
        "name": "Venice",
        "nameAlt": "Venezia",
        "type": "city",
        "country": "Italy",
        "countryCode": "IT",
        "lat": 45.4408,
        "lng": 12.3155,
        "population": 261905,
        "zoom": 12
    },
    {
        "id": "city-bcn",
        "name": "Barcelona",
        "type": "city",
        "country": "Spain",
        "countryCode": "ES",
        "lat": 41.3851,
        "lng": 2.1734,
        "population": 1636762,
        "zoom": 11
    },
    {
        "id": "city-val",
        "name": "Valencia",
        "type": "city",
        "country": "Spain",
        "countryCode": "ES",
        "lat": 39.4699,
        "lng": -0.3763,
        "population": 800215,
        "zoom": 11
    },
    {
        "id": "city-sev",
        "name": "Seville",
        "nameAlt": "Sevilla",
        "type": "city",
        "country": "Spain",
        "countryCode": "ES",
        "lat": 37.3891,
        "lng": -5.9845,
        "population": 688711,
        "zoom": 12
    },
    {
        "id": "city-tor",
        "name": "Toronto",
        "type": "city",
        "country": "Canada",
        "countryCode": "CA",
        "lat": 43.6532,
        "lng": -79.3832,
        "population": 2930000,
        "zoom": 10
    },
    {
        "id": "city-van",
        "name": "Vancouver",
        "type": "city",
        "country": "Canada",
        "countryCode": "CA",
        "lat": 49.2827,
        "lng": -123.1207,
        "population": 675218,
        "zoom": 11
    },
    {
        "id": "city-mtl",
        "name": "Montreal",
        "nameAlt": "Montréal",
        "type": "city",
        "country": "Canada",
        "countryCode": "CA",
        "lat": 45.5017,
        "lng": -73.5673,
        "population": 1762949,
        "zoom": 11
    },
    {
        "id": "city-syd",
        "name": "Sydney",
        "type": "city",
        "country": "Australia",
        "countryCode": "AU",
        "lat": -33.8688,
        "lng": 151.2093,
        "population": 5312163,
        "zoom": 10
    },
    {
        "id": "city-mel",
        "name": "Melbourne",
        "type": "city",
        "country": "Australia",
        "countryCode": "AU",
        "lat": -37.8136,
        "lng": 144.9631,
        "population": 5078193,
        "zoom": 10
    },
    {
        "id": "city-bri",
        "name": "Brisbane",
        "type": "city",
        "country": "Australia",
        "countryCode": "AU",
        "lat": -27.4698,
        "lng": 153.0251,
        "population": 2514184,
        "zoom": 10
    },
    {
        "id": "city-bus",
        "name": "Busan",
        "nameAlt": "부산",
        "type": "city",
        "country": "South Korea",
        "countryCode": "KR",
        "lat": 35.1796,
        "lng": 129.0756,
        "population": 3429000,
        "zoom": 10
    },
    {
        "id": "city-dxb",
        "name": "Dubai",
        "nameAlt": "دبي",
        "type": "city",
        "country": "United Arab Emirates",
        "countryCode": "AE",
        "lat": 25.2048,
        "lng": 55.2708,
        "population": 3331000,
        "zoom": 10
    },
    {
        "id": "city-ist",
        "name": "Istanbul",
        "nameAlt": "İstanbul",
        "type": "city",
        "country": "Turkey",
        "countryCode": "TR",
        "lat": 41.0082,
        "lng": 28.9784,
        "population": 15462452,
        "zoom": 10
    },
    {
        "id": "city-cpn",
        "name": "Cape Town",
        "type": "city",
        "country": "South Africa",
        "countryCode": "ZA",
        "lat": -33.9249,
        "lng": 18.4241,
        "population": 4618000,
        "zoom": 10
    },
    {
        "id": "city-jnb",
        "name": "Johannesburg",
        "type": "city",
        "country": "South Africa",
        "countryCode": "ZA",
        "lat": -26.2041,
        "lng": 28.0473,
        "population": 5635127,
        "zoom": 10
    },
    {
        "id": "city-lag",
        "name": "Lagos",
        "type": "city",
        "country": "Nigeria",
        "countryCode": "NG",
        "lat": 6.5244,
        "lng": 3.3792,
        "population": 14862000,
        "zoom": 10
    },
    {
        "id": "city-mrk",
        "name": "Marrakech",
        "nameAlt": "مراكش",
        "type": "city",
        "country": "Morocco",
        "countryCode": "MA",
        "lat": 31.6295,
        "lng": -7.9811,
        "population": 928850,
        "zoom": 11
    },
    {
        "id": "city-plv",
        "name": "Plovdiv",
        "nameAlt": "Пловдив",
        "type": "city",
        "country": "Bulgaria",
        "countryCode": "BG",
        "lat": 42.1354,
        "lng": 24.7453,
        "population": 346893,
        "zoom": 12
    },
    {
        "id": "city-var",
        "name": "Varna",
        "nameAlt": "Варна",
        "type": "city",
        "country": "Bulgaria",
        "countryCode": "BG",
        "lat": 43.2141,
        "lng": 27.9147,
        "population": 336505,
        "zoom": 12
    },
    {
        "id": "city-brg",
        "name": "Burgas",
        "nameAlt": "Бургас",
        "type": "city",
        "country": "Bulgaria",
        "countryCode": "BG",
        "lat": 42.5048,
        "lng": 27.4626,
        "population": 211633,
        "zoom": 12
    },
    {
        "id": "lm-everest",
        "name": "Mount Everest",
        "nameAlt": "Sagarmatha",
        "type": "landmark",
        "country": "Nepal/China",
        "lat": 27.9881,
        "lng": 86.925,
        "zoom": 13
    },
    {
        "id": "lm-gcanyon",
        "name": "Grand Canyon",
        "type": "landmark",
        "country": "United States",
        "countryCode": "US",
        "lat": 36.1069,
        "lng": -112.1129,
        "zoom": 10
    },
    {
        "id": "lm-gwall",
        "name": "Great Wall of China",
        "nameAlt": "长城",
        "type": "landmark",
        "country": "China",
        "countryCode": "CN",
        "lat": 40.4319,
        "lng": 116.5704,
        "zoom": 10
    },
    {
        "id": "lm-eiffel",
        "name": "Eiffel Tower",
        "nameAlt": "Tour Eiffel",
        "type": "landmark",
        "country": "France",
        "countryCode": "FR",
        "lat": 48.8584,
        "lng": 2.2945,
        "zoom": 15
    },
    {
        "id": "lm-liberty",
        "name": "Statue of Liberty",
        "type": "landmark",
        "country": "United States",
        "countryCode": "US",
        "lat": 40.6892,
        "lng": -74.0445,
        "zoom": 15
    },
    {
        "id": "lm-colosseum",
        "name": "Colosseum",
        "nameAlt": "Colosseo",
        "type": "landmark",
        "country": "Italy",
        "countryCode": "IT",
        "lat": 41.8902,
        "lng": 12.4922,
        "zoom": 16
    },
    {
        "id": "lm-tajmahal",
        "name": "Taj Mahal",
        "nameAlt": "ताज महल",
        "type": "landmark",
        "country": "India",
        "countryCode": "IN",
        "lat": 27.1751,
        "lng": 78.0421,
        "zoom": 16
    },
    {
        "id": "lm-pyramids",
        "name": "Pyramids of Giza",
        "nameAlt": "أهرامات الجيزة",
        "type": "landmark",
        "country": "Egypt",
        "countryCode": "EG",
        "lat": 29.9792,
        "lng": 31.1342,
        "zoom": 14
    },
    {
        "id": "lm-machu",
        "name": "Machu Picchu",
        "type": "landmark",
        "country": "Peru",
        "countryCode": "PE",
        "lat": -13.1631,
        "lng": -72.545,
        "zoom": 14
    },
    {
        "id": "lm-christ",
        "name": "Christ the Redeemer",
        "nameAlt": "Cristo Redentor",
        "type": "landmark",
        "country": "Brazil",
        "countryCode": "BR",
        "lat": -22.9519,
        "lng": -43.2105,
        "zoom": 15
    },
    {
        "id": "lm-bigben",
        "name": "Big Ben",
        "type": "landmark",
        "country": "United Kingdom",
        "countryCode": "GB",
        "lat": 51.5007,
        "lng": -0.1246,
        "zoom": 16
    },
    {
        "id": "lm-opera",
        "name": "Sydney Opera House",
        "type": "landmark",
        "country": "Australia",
        "countryCode": "AU",
        "lat": -33.8568,
        "lng": 151.2153,
        "zoom": 16
    },
    {
        "id": "lm-fuji",
        "name": "Mount Fuji",
        "nameAlt": "富士山",
        "type": "landmark",
        "country": "Japan",
        "countryCode": "JP",
        "lat": 35.3606,
        "lng": 138.7274,
        "zoom": 11
    },
    {
        "id": "lm-niagara",
        "name": "Niagara Falls",
        "type": "landmark",
        "country": "United States/Canada",
        "lat": 43.0962,
        "lng": -79.0377,
        "zoom": 13
    },
    {
        "id": "lm-petra",
        "name": "Petra",
        "nameAlt": "البتراء",
        "type": "landmark",
        "country": "Jordan",
        "countryCode": "JO",
        "lat": 30.3285,
        "lng": 35.4444,
        "zoom": 14
    },
    {
        "id": "lm-angkor",
        "name": "Angkor Wat",
        "type": "landmark",
        "country": "Cambodia",
        "countryCode": "KH",
        "lat": 13.4125,
        "lng": 103.867,
        "zoom": 14
    },
    {
        "id": "lm-amazon",
        "name": "Amazon River",
        "nameAlt": "Rio Amazonas",
        "type": "landmark",
        "country": "Brazil",
        "countryCode": "BR",
        "lat": -3.4653,
        "lng": -62.2159,
        "zoom": 6
    },
    {
        "id": "lm-nile",
        "name": "Nile River",
        "nameAlt": "نهر النيل",
        "type": "landmark",
        "country": "Egypt",
        "countryCode": "EG",
        "lat": 26.8206,
        "lng": 30.8025,
        "zoom": 5
    },
    {
        "id": "lm-sahara",
        "name": "Sahara Desert",
        "nameAlt": "الصحراء الكبرى",
        "type": "landmark",
        "lat": 23.4162,
        "lng": 25.6628,
        "zoom": 4
    },
    {
        "id": "lm-alps",
        "name": "Alps",
        "nameAlt": "Alpen",
        "type": "landmark",
        "lat": 46.8199,
        "lng": 8.2275,
        "zoom": 7
    },
    {
        "id": "lm-himalayas",
        "name": "Himalayas",
        "nameAlt": "हिमालय",
        "type": "landmark",
        "lat": 27.9881,
        "lng": 86.925,
        "zoom": 6
    },
    {
        "id": "lm-gbr",
        "name": "Great Barrier Reef",
        "type": "landmark",
        "country": "Australia",
        "countryCode": "AU",
        "lat": -18.2871,
        "lng": 147.6992,
        "zoom": 6
    },
    {
        "id": "lm-victoria",
        "name": "Victoria Falls",
        "type": "landmark",
        "country": "Zambia/Zimbabwe",
        "lat": -17.9243,
        "lng": 25.8567,
        "zoom": 13
    },
    {
        "id": "lm-mediterranean",
        "name": "Mediterranean Sea",
        "type": "landmark",
        "lat": 35.0,
        "lng": 18.0,
        "zoom": 5
    },
    {
        "id": "lm-caribbean",
        "name": "Caribbean Sea",
        "type": "landmark",
        "lat": 15.0,
        "lng": -75.0,
        "zoom": 5
    },
    {
        "id": "lm-panama",
        "name": "Panama Canal",
        "nameAlt": "Canal de Panamá",
        "type": "landmark",
        "country": "Panama",
        "countryCode": "PA",
        "lat": 9.08,
        "lng": -79.68,
        "zoom": 10
    },
    {
        "id": "lm-kilimanjaro",
        "name": "Mount Kilimanjaro",
        "type": "landmark",
        "country": "Tanzania",
        "countryCode": "TZ",
        "lat": -3.0674,
        "lng": 37.3556,
        "zoom": 11
    },
    {
        "id": "lm-matterhorn",
        "name": "Matterhorn",
        "type": "landmark",
        "country": "Switzerland/Italy",
        "lat": 45.9763,
        "lng": 7.6586,
        "zoom": 12
    },
    {
        "id": "lm-acropolis",
        "name": "Acropolis of Athens",
        "nameAlt": "Ακρόπολη",
        "type": "landmark",
        "country": "Greece",
        "countryCode": "GR",
        "lat": 37.9715,
        "lng": 23.7267,
        "zoom": 16
    },
    {
        "id": "lm-stonehenge",
        "name": "Stonehenge",
        "type": "landmark",
        "country": "United Kingdom",
        "countryCode": "GB",
        "lat": 51.1789,
        "lng": -1.8262,
        "zoom": 15
    }
]